number,hash,parent_hash,nonce,sha3_uncles,logs_bloom,transactions_root,state_root,receipts_root,miner,difficulty,total_difficulty,size,extra_data,gas_limit,gas_used,timestamp,transaction_count,base_fee_per_gas
14713915,0xd104ff91f6f38af7b2ed076faa3bfd2d3a10b534b82b9d3345e2edf0b8a96ad1,0x5081cf7876f2a454808c168762757d534ce0ad0183aa4d10e058d1fd5fdf04d3,0x0c720c363620d91d,0x1dcc4de8dec75d7aab85b567b6ccd41ad312451b948a7413f0a142fd40d49347,0x00000000000000000000000000000000000000000000000000000000000000000000000000000000000000000000000000000000000000000000000000000000000000000000000000000000000000000000000000000000000000000000000000000000000000000000000000000000000000000000000000000000000000000000000000000000000000000000000000000000000000000000000000000000000000000000000000000000000000000000000000000000000000000000000000000000000000000000000000000000000000000000000000000000000000000000000000000000000000000000000000000000000000000000000000000000,0x56e81f171bcc55a6ff8345e692c0f86e5b48e01b996cadc001622fb5e363b421,0xbc1324349d1e8e4dfd24add2e02cb95628556c4aa5c723f6d3db616a25dcdbbe,0x56e81f171bcc55a6ff8345e692c0f86e5b48e01b996cadc001622fb5e363b421,0xea674fdde714fd979de3edf0f56aa9716b898ec8,14054934208038075,48104097804868218347237,537,0x617369612d65617374322d35,30029295,0,1651708011,0,32202324026
14713916,0x127372e26a0ec189728fb9e4dbe87d0cabcba3de1150f2bbd79fe6830f0df632,0xd104ff91f6f38af7b2ed076faa3bfd2d3a10b534b82b9d3345e2edf0b8a96ad1,0x1df6caed7d3af19d,0x1dcc4de8dec75d7aab85b567b6ccd41ad312451b948a7413f0a142fd40d49347,0x282c290800109aa0509008008838811840008000250102200091928e155940058c4d018188016010d4125104440103c0af01c031288098003021286950368210201002000100b220c002012d471a42320091040044c43098fa481685a142148c120082040208c200891490f01820c9446240800401200c0000002438c8301014084081440084c2410048244104000141b40081490000488c042000f84b5000500680140100230c1248a84099a55a3f01034c00011904a110202b12551011024b3220062200042008012900886000404420021015044400100823834b0082601880b262883c000060080f0225010e4801308a0001611000403452440244927002,0xe105166992016503852cc4043d586548c328a1a67bd6f80dd283722cba72b3fe,0x173ad9e82816bef071904ac80e289e893d2828275b6786d48213227986a16261,0x0081bbaf90495228c3ac55e07ce8ad8a16d78f72a4e1a9b5a9ceecd0b21c2395,0x2daa35962a6d43eb54c48367b33d0b379c930e5e,14062071846788787,48104111866940065136024,25124,0x706f6f6c696e2e636f6d20e3f0e2e127be73fb,29999971,6268234,1651708012,53,28177033523
14713917,0x164dadcdbd0dd880777d117e04756b94bad918d3ed73a92fc427fe4731ba90ef,0x127372e26a0ec189728fb9e4dbe87d0cabcba3de1150f2bbd79fe6830f0df632,0xc7cfe1ee4317a99d,0x1dcc4de8dec75d7aab85b567b6ccd41ad312451b948a7413f0a142fd40d49347,0x962f7bece080db1359a935f8ef185dff79c2d4e4993441346a89e93bb386fd6f0aadf1e5df12990384897be62631619456e0ed5b8d2affc0722e18fd9e3eb7154f7adb98e841063fea975c6bd58d46e8289b57050e5c9549d97af50da2ab5abc3fd9dc05a7bede8bcf3cbf3b38a0ac5370365b9727ac8e62f6625a3bbc6a36717559358fa30bded531694544afd239e5b6e06b2de738785dfee7aac3d8f958fc3ade5effcbaf2d675ecfc18e3f4e15a5cfc62223dc0ee3bb6d6f1ec596a54b2777391ef656fd89da1273c991c17e50d61c68b682d4c93455cfeb5d8ec7b769cae53bebc92e54cbd94c3ae30457661aec435dc3e1b2d6b078c45229081d9a35ff,0x4ad5731c535aa911cc9ca152650fcaafb08176003f9b2e4d4228ba071e8d4a45,0xa89b6cb9fd6acbab5eb700ceadb4a57a0270d49719fd67a66128ddf3527481b0,0xdb71ddc4bcd005dacbe8a022c5d59727fb870eca143985fa76db41fb0997f5ed,0x00192fb10df37c9fb26829eb2cc623cd1bf599e8,14069212970714670,48104125936153035850694,119913,0x457468657265756d50504c4e532f326d696e6572735f455532,30000000,29987992,1651708018,522,26126741135
14713918,0x18fa695acbd9f179e415ae1b16eaef74efc4c40c8d33709628e158f3c7164ab6,0x164dadcdbd0dd880777d117e04756b94bad918d3ed73a92fc427fe4731ba90ef,0xc51ee699850c57fd,0x6be3150b04f991a0ca7c5dba1ce8e40f7de7975fb959cb2b6d3569059cd00129,0xce7ecfc770667d1fddffbe6bdefb991f533ed50bad11522b599b0f9a5e5be347bd5ff463cc4aaeeb5ebc76bac79f6fa74b89bb19de6fb21d1f79b17990ffbcfc9ff46b7fce7341aa6a3f5efb51bd47e8acdf93da3fcf9b4f1de87a5fb0679a09d31e966d2bd9c9f7e9dacfbfef24f8df62717d75be6d8c1ddd5d6fdcfcdae87b3fe59ddd936c41ff2f7f77e1cc85ac566c26f5a32bc1cab968297c7651517b7427ebca6f77ab7dfeecfadbd3f51a1d35ce769e99684a9efdf9afc6969f23bad4f15f8a73eeba8e9f3debf8b0568f5b01ef697647f6ebf7deb306d79343df7aff9f9932cde91e5cb45a8d1772e9d75dbadfaf75b7fdbad5fbabfecff7dc5bf0b7,0x8ca498e233b5210a0c0a95444a6e02128d08bfc841587f7e210b5b62be998ea1,0x87de5124d7a794bbb14247f45f5ef42a6e6b4b60b6069b33c18651570a4a2e6c,0xd8f98b80f18e3a091cbdbf07a8615fc32deb3ebdb08f5ff707b7337e67260e27,0x1ad91ee08f21be3de0ba2ba6918e714da6b45836,14062618115725758,48104139998771151576452,173107,0x486976656f6e2065752d68656176792d32,30000000,29971063,1651708042,471,29389969360
14713919,0x784afa7e00ab2eac69cf0eac0e2de69abe4649b74e1f35be86a0194408a9e25c,0x18fa695acbd9f179e415ae1b16eaef74efc4c40c8d33709628e158f3c7164ab6,0x9567d4979364c9d2,0x1dcc4de8dec75d7aab85b567b6ccd41ad312451b948a7413f0a142fd40d49347,0x08a035008a024935d0ad000cf61017381010b01120104064040120883809791108041b0380d82e00741041a400510384061200894b12b229568c98410572390e21e840500088802d692c055d80b0c862748826489541504218948049d47049218e6e08008b40c3908c502030003008c0a400100002ac3c8342584036112904183848810200281b24d05b010848022ac4871404c103ac001818a280c0405240081688194158c23c904a8968d5051800683b06a303385c21840002630634bc305021108b8240004a492520812800c25004806220800628035b00041192025b3806445227480a2a02a1010904281b041a854000040b6b30206990528b20482060c3,0x505d525b7b8902323ba0f0a6108a7840307dde03501dd1fe7ec9c3b4a758e6c2,0x6e7091e2ba5eb33bf101d7272a3c8684c6eb806c68ac93c8703e31befa9ace34,0x731e5a4f5989a4371e4e9c8dba46480bc677b285bd260a8ab9318b7f35b9ff0e,0x829bd824b016326a401d083b33d092293333a830,14076626019136340,48104154075397170712792,50049,0xe4b883e5bda9e7a59ee4bb99e9b1bc481321,30000000,9430311,1651708048,153,33056628383
14713920,0xe5f3db74e834539e480e8f0f39b0641013504507cd1c454303edfc511c6f4e49,0x784afa7e00ab2eac69cf0eac0e2de69abe4649b74e1f35be86a0194408a9e25c,0x771f153bfab5119e,0x1dcc4de8dec75d7aab85b567b6ccd41ad312451b948a7413f0a142fd40d49347,0xfbef5ffc3df67e0354abf5519b974bffd68ebd5dbffc8f79d9f9fbba9f99e9dbcfffd5f19033d84616d07fad4e0e9be4fad9f795c9c1be26977dad6d97bfbd4f3ccb4ed92ada642dcb7f6acbd1664beaa6fd65a6c766dacdfff52fefb913ff55fafd5a11aa2feb8f43538fffb52a2dc97635be7b2fcbbdfee2714dfbcf7e9bfa7fe7b79fc36cdd5fddfc261b5b39ece6f63f1e33d1eae39e4329f55ce9faede47fe9ed1db1ba3cb5bcc6dcb36f4bcfde6ec60a3bf977d2fbfbe333efb74d0dae751f63fbf06f2cf89feaf1a2fbff58f988519777feea1259baafe3de77d7fa0777f7a7d9efbcafe04dcc5164efd5ceb2a7ecbd4b3cb3f06cd277bdf9d0eab8ab,0x2045fce6ac9f7b0f75efe0b28fc49296e0068c5cc96fb50a41daae618d262c31,0x8b09aefaeadd22d9d0db38cfb415701dc9e05ccfcf1d26dd643bbed32dc787b3,0xf19d8860925f28ed40b936834bb6659ea01e095e09b1cb78e48877c3e8759d51,0xea674fdde714fd979de3edf0f56aa9716b898ec8,14083774249591690,48104168159171420304482,123696,0x6575726f70652d77657374312d34,30029295,30023950,1651708050,312,31522335554
14713921,0x01163e3965ed9c40056c0bbfee4713ba0ab41f4a5b327fb8780bb7b7567a5765,0xe5f3db74e834539e480e8f0f39b0641013504507cd1c454303edfc511c6f4e49,0x002000001601ac61,0x1dcc4de8dec75d7aab85b567b6ccd41ad312451b948a7413f0a142fd40d49347,0x3839610410001a4452310c18ae10c538c100c4183530002800c1000a1100002100681108000001021015d2a0460801c10b18900809263901045088401232301460124a4001554028480a088b408665f0148008841442911228400485ba04001012d860506221c040091410031820cb40202a00605050050140440498082b0418944081000c585b4c1058044344010822743085096180203860221440691005e01f81000901aa2c408ee048a13f0023108604128122c260308823a365120200483400b4820008008247189000449cd08a4228570a00080815800021a21f9120168130628a481823500000c240018408801428c08ae9c014400254994704233483,0xfdfb553ce956eacef701b859425c50a4499480ba60233296a64ab20f2a62db81,0x3c430c2f5b23582472e8df71bd2da2c8491cbb77ae13154c4ff6fc9f3d6938f0,0x4ff74c116758b8eb79ce55a3ffc498d25ab43941777c8d4ffbfad2bad646886c,0xd757fd54b273bb1234d4d9993f27699d28d0edd2,14070295441708018,48104182229466862012500,30589,0x4b75436f696e506f6f6c1d023d0721e04a7820,30000000,6012867,1651708077,55,35461225072
14713922,0x77a872cf6bcdc601a3dfb6635759ccda63fa5af844906054fc40dc6aec32ef52,0x01163e3965ed9c40056c0bbfee4713ba0ab41f4a5b327fb8780bb7b7567a5765,0x480be32b32921c33,0x1dcc4de8dec75d7aab85b567b6ccd41ad312451b948a7413f0a142fd40d49347,0xa8392b4240421b05caf800ccef124b3ac800f08e249222a0423510a2178b273e3c2480c52082c223244a453e4e0709aa1b8293f13c5cb1242740084d237a23980466322e00a00c094805c42a763523e0c8a949927c6017d558308157d29580519b0a6ac10640c8b4ef5491906222e8186c0058c008e94c2318084e91888805403c40310687017243875c15640a418a0c2f272b6141d2342c20b04b5264954c39268b404b2bab2da14a99e1b4f5000d800925c300a7c801953561108c520f840029408ff32160464011a9401d7208529020ea520c84ab2430000085aa30d63ba22b10264824b08904002b012023458ca562895a43fb8041d2b05a611441c6a4bb,0x5fb8f58024dbf04fb9ba6296f2ad8d56e32609f889064a3ea7b926c5900c5c72,0xbab7c3f058a7b2317dc72d788eb63936d2cab20fac47df62b1202bc740bbee49,0x3320c0399e0b61d89aa94703c5c3a3a25529d98f1822acc956a58714c0be782c,0x7f101fe45e6649a6fb8f3f8b43ed03d353f2b90c,14077440581061108,48104196306907443073608,67359,0x466c6578706f6f6c2f53302f484b202d204475626169,30029295,12061265,1651708085,112,32805435522
14713923,0x6c68d0e77831286d811c53166d2cd94b07d3d86c48315d9d5a5a02b4b273cc9e,0x77a872cf6bcdc601a3dfb6635759ccda63fa5af844906054fc40dc6aec32ef52,0xbb4c77de6805bbbe,0x1dcc4de8dec75d7aab85b567b6ccd41ad312451b948a7413f0a142fd40d49347,0x383c298aa7c05c5d48b70495ea980b43d883e205a5cc622c26d915869f8ab52dc96e1c21c40ed0a31f40dbae02cec3e5ee89109bad0b73058b331625907614d1000c21800d65050ed98b192fd1b9e0e281991581954e16640af191c1810ebb3b170b182016074acfa1de061a38383a5480461c3956680c682c60549cd10b6a19203419079750925f11ed2e3628020576bc50eda1a1b02d480e0070d34879b6e246d8108db18b7d5a9caedff025360e044e9e44114ea2a30a49adaea4922c951b9753479622625c9a1c2ad0405312d5c822c142f995bf74d87761079a1262670b1596a65ca9000501e31450b8718c791a8d180109752430c21859d5fa5dc7ea6b,0x6a8d8f1d45f6603d97a6431f3d873077493a30e94aa9378f3ad14486258fe9b0,0x38e46ecf8e146414f588ce155a835b12ab1a1db1ea88dffd9215e907c2fce320,0xeb98f10868488f2546e359df9dd727d77b8885d39474ec4471c8ed9cb6ad578a,0xc365c3315cf926351ccaf13fa7d19c8c4058c8e1,14084589209251773,48104210391496652325381,73346,0x4555312f706f6f6c2e62696e616e63652e636f6d2f00095f29,29999971,12905568,1651708092,150,31998831621
14713924,0x4ff0979403821c598248ce2e565f9b8d5951f4540f74423fc78f6f858bd57171,0x6c68d0e77831286d811c53166d2cd94b07d3d86c48315d9d5a5a02b4b273cc9e,0xaa1c515c245baf47,0x8bfe6464204c64dc747cfeb6117db2fd9121e5aa1d5e015a5f0135d0ce6189bf,0x18a8289a488b1933758834d6899d01814180d4c6cf0640604091109a11d835631f3d91a1841bb080b45071a4108901a10a11ec990b86fa25051b0983caf20415401808870a7094a84a1acfef047c54b03184288907e0b8b438711d55a3203d4796d28d0a9244494220344bd80ba1695474801e7999480c677a2412d84108151a3d1023d1b8c1b40a04dc48d30888c3b4acd3adf5e1c4b97c3eb0a343483004600b4fde8b366e6c124f8c4396af26a6a44e24ae010a36d00309a4576c16dc055851d0668abb1ed4da0629c8b4172a662602c0624614069412c2d4a5935680b5ca4035e24988069850801c142431ac08848041c121e8467dc3a0fe00b34832bc87,0x2cd6377eeb70e92d12b14da2e6cf49fdcfa77037a4fd74cabf86ad9ba8509bb7,0xd5b0fa5c7b18260d7217db8135c896f7d8fa91f3705ad91d63e2d227e37b5aa3,0x4f4a2f6c7fc997f0584b3587f11bc572d71955703689f6816c3a3430f35fbe26,0x1ad91ee08f21be3de0ba2ba6918e714da6b45836,14084864087158717,48104224476360739484098,43747,0x486976656f6e20686b,30000000,10069502,1651708101,117,31440340255
14713925,0xc24e4e7347b951888fe86c6cb52be4d878cd3fd434a0e39554619023d8167cd7,0x4ff0979403821c598248ce2e565f9b8d5951f4540f74423fc78f6f858bd57171,0x8f3ad5ffa637699d,0x1dcc4de8dec75d7aab85b567b6ccd41ad312451b948a7413f0a142fd40d49347,0x19edcbc77b467fbdf1ea3412aa191bf95ba1a3115974567b229da5fe944ae6bdbfbcabffcd8ec8e35c475ba6c319a3f11739f1b8cdf4b9a346f394631176769978f3c38005aca86cebebfc5fc7745beabaf07162e44458757c4fbfe59fd0de477249f255b3f4c0db897f908e087ba9d8a8ce5b722c950d4a57a854f808ad5bdc38fc81bdee68fbdda87f0e5a0bc0a427fc409089b1a46ac92ea822e878707af422fb041dfd7e7c6f9f8be0fdaf1018ef8bb4e2bf42f08db3b563afcf51695c3ff19a65b2532cc17b2d628b82452cf58fbcb7fc1371af3fd5065e21ea029279c2b13be76ffb0f2ed98c8f372017efece644e966297162c276c9deeae813bbb8ab,0x64d4e04253693e373854f04d1045c63959ee291666f9dea8757e80895b53ba5e,0x7ee686eedb7557d46f62523e9a124484e76561c9573118b0852ef9ffd7b612f5,0x3d492d2f68a764a4cb00b32bde68f56b95b4d58c43e0df1aace216882426486c,0x829bd824b016326a401d083b33d092293333a830,14098893715150775,48104238575254454634873,133711,0xe4b883e5bda9e7a59ee4bb99e9b1bc4a3721,30000000,19543039,1651708108,208,30148535799
14713926,0xb7d3729318a5f9d7ce4a1edd19364ee6eb718de5c7153a047917c0cb7db36755,0xc24e4e7347b951888fe86c6cb52be4d878cd3fd434a0e39554619023d8167cd7,0xe60b030004110269,0x1dcc4de8dec75d7aab85b567b6ccd41ad312451b948a7413f0a142fd40d49347,0xbbeaa9abe9441eb37ff13a5fce131f160a2ef1cb08628b7b8ed19cc1500ea1a11c3eb583e093574cadc258bf61e789a43b35f1db894a39207f761213783f361de2c0320066a3cabb680ba6ed4234792448e0ede95d4d708ffdf73f1783718c251bdc6006aa78e2ab65601bcaa4280bf0862677f2c89d2c5a26a9cbbe69e9612117209109ea00d06c245c8cf825b09947e4a3ac8ba3c8ee595da7686cc83557e9135e890b953f3dc31888f5f4f760ae0d6e050383572b42aa53b70e4c36895da479fbe76264a440c32e360995c9f7d996b97132b25f0d86d71655758b935e68f6aa78ef79293ed54b8f475aa4c7055cf2a8618d03b018d1489a59cd95f876b20b,0x0b9a6dc21ea160b8763caf7e058aeb65a2447f32de68c30f92262dac4ecc9654,0x53a792a723c510922a6627b747795c883aa3a7037ba420b815afb2aaacec85c7,0xf57828384aa5c7fe143e1df95a586f95950e7eb083a84579e92c315286e05dab,0x7f101fe45e6649a6fb8f3f8b43ed03d353f2b90c,14092284367610869,48104252667538822245742,186127,0x466c6578706f6f6c2f48302f55532d57657374202d2042617263656c6f6e61,29970705,20805582,1651708126,190,31289918915
14713927,0x14a7832c9b5465af509cf1114bd4229fdd41ce6578a9bc534f1ce2a9b42f45c6,0xb7d3729318a5f9d7ce4a1edd19364ee6eb718de5c7153a047917c0cb7db36755,0xa40082001c2f3725,0x1dcc4de8dec75d7aab85b567b6ccd41ad312451b948a7413f0a142fd40d49347,0x596b7fe6b53a58c17cb955818e91db59c089d09093fd6403a6a3969a94f9411b0a975b5bea481620f709f9ef4981e1c58b37c7cc9b4effc506595341107a206b517e462c642249aacf2b13edc6a822eb28f67c933df07addaee01c5d83e1cf7b1ac14ae39ad0fccacfded5bc03b108693d54125d584c2f7b44f31535292e00063d56d98583a9529e70f80dc98942a9a4ac13f7b9ffc4226c3caaa4794f7585fc5edb361b33ff7c929e86d0f76dd2bdf29ee40623667a62d0f925006d10bda77035986d2353ccdc71554e43f2ec4f70c41c66cbcbd6af085c732935be893f75c327bda27b3328b9aa142e9e8803edea3098a016023840a6f846f7993931237aeb,0xd00b6977d4dc9ab0dfc5e7e2da51e1e4e734e5bdc74037057589f65964c4564f,0x86616c17fb1241af16d850c55668af368fe176fbec65f939fbe252ff2215ed94,0x674965c811a4f62472b57b838aa9fa6f1abe36c79dc57159c754ec47120c6472,0x433022c4066558e7a32d850f02d2da5ca782174d,14085678247291441,48104266753217069537183,84609,0x4b31506f6f6c2e636f6d202f2050303033,29941438,16165184,1651708144,169,32809023410
14713928,0x0df8c705e135072a4ea5c59fddd6e0f39dff08a97310b419946099c04c2c2a46,0x14a7832c9b5465af509cf1114bd4229fdd41ce6578a9bc534f1ce2a9b42f45c6,0x04da2008cac17818,0x1dcc4de8dec75d7aab85b567b6ccd41ad312451b948a7413f0a142fd40d49347,0x103cc1020883099250720c0c821893801182b82b1430096902c70980b00c444d09088511dc2018403ca450e4705d039a0b41808f5a417a0402110041103ee880a08a2107ac00802c4802acac4550686010840208a4741400f8c0c415850419e10264c0042b48406e8184008090212a48c004019228110ec00000a0b0c0aa2a10742ea10823b29709014d4402ca002838066034010192401c08622050681009bc12100a0300023ce21a8870ad6fd094a05b140403d420c014022226051e2d0ca0710103024281d0320020074200104890b6008441c44c1e500000d18a0284300284fb236f98020442c101209403a5080411088101304015430a402c8240727002,0xe52b3b7cac8f5cefd9c1f42ae9d7a8e9398097c7d0832bf0c119e6faf213d9fa,0x1240b4d5850a8f2d5a1a35aee8f9050506ce20059074a6573091a3eb4286ab30,0xb78a75aedae09216ec343b29a7905f14bebb398e43f22c8fc941046a7623ef8f,0x09ab1303d3ccaf5f018cd511146b07a240c70294,14085953125198385,48104280839170194735568,34396,0x6d696e6572616c6c2e696f,29912200,6818141,1651708155,87,33136239074
14713929,0x4d1c3e4a9bbe65d7ab5e654dc8a62d06a10c5e1f3d681fb6ab0397ee179f0699,0x0df8c705e135072a4ea5c59fddd6e0f39dff08a97310b419946099c04c2c2a46,0x791f12faa0c60f37,0x1dcc4de8dec75d7aab85b567b6ccd41ad312451b948a7413f0a142fd40d49347,0x452e6d09fba839e714b5e1168e386ba578aed0160185077dc65c81f3f6ecaa1c3e6f377dadef4e907476f9a8d4bc9bcdb659e35dde027a6723e65a1f4a32a8cecd5826c9625926ae4edbb569f4e42867a8ec557585e0d89738303c17a893edd313ab29a80fccd52a674a216096b0edd11a85c0d562133f38481173934d4f4f61fb425d6f032cf369a4bcb719d0120df3ed2335cfe50e7058d9333ef2fdf0227d1ecb2d7f73afbe994ce1c09cb7b90f7fde648acbb4afef05df8debd515cf61587b8d5753082fe7feaec2fd1f6b2ddb6b947386ae966f241c2c49379a889a294636feafc9a29d19470c16d106130d4cdcc038e4d7e16df3628d529cd05e7b30a7,0x3bd613f7063b39f60143b7bce684edf0ab42313e4a017460e339af23a85a7c98,0xe831d3d79d5acfb000964990c52fa7e4d4324b08d904e484204a0bdfe61fb247,0x63c350500f76151147c659c53c3cfbc14feb760cdff43907cf30c25b735c83a2,0xea674fdde714fd979de3edf0f56aa9716b898ec8,14093105909904742,48104294932276104640310,55870,0x75732d656173742d32,29941410,10040834,1651708162,151,30882465071
14713930,0x11d8138ab5eab5202666d20763b599719e2e2f0f2ef1fc735ca3125866f302be,0x4d1c3e4a9bbe65d7ab5e654dc8a62d06a10c5e1f3d681fb6ab0397ee179f0699,0x307651d891e73dcc,0x1dcc4de8dec75d7aab85b567b6ccd41ad312451b948a7413f0a142fd40d49347,0x042810000a002801108a208682558f404c2290080a200200041590cc1048600b210040111142081000014838088001800e0050000a00f14002010401823228644c01360200402d0a50102108458816a8089405080c50180c0900128550220c441a4432640b00c0884bb03008012018c820220001c8000440002502140c49051010e041111a80d91a385800202420001034800440a940400c680084686f1410283208061385820c120ca5c394251b00800004004892c4442000310404d6414480e140d47210896000080220804805400080804628948c02b040c041860422300204102208444824820910100093a40cc011001040208224003543089280023022,0x063b2ead1a0bb4e0b543954fa1ef9daea45a18f06a644d0768c7aa1bf2eba2c7,0xf7c4d04b69e1ddc4751be955855adefd3ac6a1b1d91a7faa816477aed9c9e517,0xb792eb84052cee44af03250695ef01c792e60d4d777fab34923ddd2685731c24,0xea674fdde714fd979de3edf0f56aa9716b898ec8,14093380787811686,48104309025656892451996,42410,0x75732d77657374312d33,29970648,6647022,1651708171,76,29611261002
14713931,0x8cabe992009e8f3528bae10c7f0490832dce1f8e5afae69f260439b99a2e61ee,0x11d8138ab5eab5202666d20763b599719e2e2f0f2ef1fc735ca3125866f302be,0x29d59ba0d2e3c00f,0x1dcc4de8dec75d7aab85b567b6ccd41ad312451b948a7413f0a142fd40d49347,0xc2bffae4b46b0d2f4f0dffc89617d5dff3f7d9bec13aec8d8fd3f4d99ab7ffcfa8df9071c528c44f9376fda9ffa9c530b7e3ea5fbe233d8dcc75427194b6edb08f9c46d2c0d3d5cc6b7db7ef83bed6f9f6f4d2727df7fd0d1cf39e3fcda4683d673d47d783dcee93e353a2b1292b6c5a08bc1b3a9a669d449862dbb2f5ebcd3a7e7cc51f1cf49cedacd994e41bae793c945935c3ba6334dd48d4abde6bd1dff95e74e3f7f7e3def34ebfeed3fde30dbfdf64bdeb313f3b9a69e72fd69287add9f14f9f6a6b1f19e99b32b886d2ccf605cd612ba752ee87b74e3fd9c79a0f6ebebbd73b6f3970c961dd32016c0b7e0c62f77afeff73b4b5f2c87b2df3dde7fbbe,0x2ad6dc2f66ff3d1325c4f72d14d9f25b676cefc6f11a0e622cf37bea15777c76,0x3ad6a7455ded6e18f47d639952bcc9429081a1abaf9eb6817f7111b391f3a99a,0x92022dbd9ae4b69a8bec2833572616e560a4f1eb883352efc9b056363bfc6939,0x3ecef08d0e2dad803847e052249bb4f8bff2d5bb,14100537199306428,48104323126194091758424,103591,0x73656f33,29999915,28686721,1651708177,195,27551682270
14713932,0x2712358188ce93a48f44ef547a764e279343d0db2e4fefcf4564098157fb6a03,0x8cabe992009e8f3528bae10c7f0490832dce1f8e5afae69f260439b99a2e61ee,0xb77f4b0472f865ad,0x1dcc4de8dec75d7aab85b567b6ccd41ad312451b948a7413f0a142fd40d49347,0x022d2281013208035acd0d50aa159b3450c296f3100400d042c890c0952a40050cccb4598291d5016d24c824420041ad0a9e2082682ab244623048874a3e491a1519869b16428129e9042449f5e0422956f5b1920774b0d70d40f485932d3d89d60123fd2260c00277c03542192248382609245050807c54b04552b509fb1009d31829860af25828812b011b00608531240354c521a41c5c2898224f61110b94068819db5107fc93b8a040dd250298e00bbcb1090605ba8ab121febe741d48707393802381a14100c3e15082e89461068ae244e086482076440ea1820012624f4b1aa1491f9141626c493be84be61a6108ca9c31f8a0e4630652201951723122,0x8b4efe66807344e4d0d814e5c6104aad6b7b942c1efef86036586bd83febad58,0x2700be4568e8494e93ab04622e1fbd2067505a925e9b42ebd417f42a816bc25c,0x4bc44457fae4fde78b5501c92a68de00a7674f8ad4fea89a8c4f745494cd9d11,0xea674fdde714fd979de3edf0f56aa9716b898ec8,14107697105142720,48104337233891196901144,46601,0x6575726f70652d77657374332d35,30000000,9120484,1651708178,104,30694136053
14713933,0xf01db1a6ca2458fe191c69b9104ca4244269a6cdec8a1caef3b274f9eebc4ca4,0x2712358188ce93a48f44ef547a764e279343d0db2e4fefcf4564098157fb6a03,0x000e00004c8e8dc5,0x1dcc4de8dec75d7aab85b567b6ccd41ad312451b948a7413f0a142fd40d49347,0x00000000000000000000000000000000000000000000000000000000000000000000000000000000000000000000000000000000000000000000000000000000000000000000000000000000000000000000000000000000000000000000000000000000000000000000000000000000000000000000000000000000000000000000000000000000000000000000000000000000000000000000000000000000000000000000000000000000000000000000000000000000000000000000000000000000000000000000000000000000000000000000000000000000000000000000000000000000000000000000000000000000000000000000000000000000,0xadf011963c3e04f0c66443daa3eab5906ce667b6c7817754fcb4b7e376efafeb,0x4811e92c02ae9cb6b26b36c3420e1d733876d81b06ed1020159e57a301ccd8ca,0x1d97007010ff2f291cc6f3f8b03c8702063ebb7549568ec6a4a4bf9d14a7ea16,0xd757fd54b273bb1234d4d9993f27699d28d0edd2,14114860507026784,48104351348751703927928,1123,0x4b75436f696e506f6f6c1d03bdfa93cc242e9f,30000000,228156,1651708184,4,29190247187
14713934,0x5a6219adde5d3a9167d59dc12f737359f221154c6e79564b2df9d2620d714e6a,0xf01db1a6ca2458fe191c69b9104ca4244269a6cdec8a1caef3b274f9eebc4ca4,0xa55f84861889868b,0x1dcc4de8dec75d7aab85b567b6ccd41ad312451b948a7413f0a142fd40d49347,0x7ba8511c8d78cc3f97bb25d796534b1ff57ff36cf973a7d65eb5eaea369af547599f9c53b6df77eab5dc5bf44216f19e823fc99b0f7272755abd1f751a7e7513d06cfdf3f5fa9d2f59ff4c4bd772d7f1c5cc7ef555ff1a4c5eddb2d9d20c7b33faefc0315bfdc0cb1f979ff329a2dcf9a6791ff1368e2dddfa29dd973dff45355fdfab57b6fc735630f915d99fd84f6e9c509fab7feaeef95dffa3f06152bced3edce27d3adbbcbe5cfb519fef67cf9e6bfd9e6a3f5ebbc1f3f37b67b6ef195f65ffa2f2f6be5d6e6f6db1f1aacfd5b08d587449ffef565e474f91a61bbaafe2fb7f6fca9c3843bb913dd920db04db7d1df6cb69fd5b6df1e052f98d523aecf3,0x6350301f4c99bbd3738a8e24c5b5e3b56eddea12d078b99f5a761627a52c6f4b,0xaac4bdae8b68a4d9e6fb98ab101d202a416e022bfcb32447a7c404d2dc711a34,0xb9b09ef44f5fec0660f28b88b2ecc2a55d1cc6003aa09fcb0eace6d9192b47c7,0x52bc44d5378309ee2abf1539bf71de1b7d7be3b5,14108243363201782,48104365456995067129710,130746,0x6e616e6f706f6f6c2e6f7267,30000000,29997209,1651708210,277,25596965706
14713935,0x21c5d800b778a21f9c88379ea1771dd781dc4c01499bd75ee56dda42d4154e7b,0x5a6219adde5d3a9167d59dc12f737359f221154c6e79564b2df9d2620d714e6a,0x844a3f0513db4e68,0x1dcc4de8dec75d7aab85b567b6ccd41ad312451b948a7413f0a142fd40d49347,0xe6fa2de609b9ef3766cd7ceeab1413dbfb5be151df3a67769d99828ad65a60eb6c21b6c1a418cac3d9b4f8a6d149b5b6ee638f9fbee37ff9f7fdcc051df3377577c65fc23e48dbfb7a4d263b5fb44fa11bff8da4376d91253b5f7cc5ea6f091d1f3cbc6173f1c76669c90cdb1c6f3c7371065a744c355d76843e7d994d78ec785a14a3e6bfe378ee3ef94f58438500ad35547fe16392ef78fab5227afed33ee8778d09653bee3f6ea89a5ff527d38f55cf068f6d6cf637ea736bd547b6e9cf74f739e3f7f3ba45c744bb9d8c7fc86792a859826b334e2754e294f9be02d33a4fdff5b749430ec6e7efba37e4e966cafe5d505215efa1d57368efacda70aaba23,0x6f11e2e6e6afc8adb21c82609b7d187a94716ef49a005268b2f6ec62437a67e4,0xadd64e8c2a2a4ed3a17f42b1309ad65bb777e6f0ce1040850413c4d884f13bcc,0x460fbd5fa7eed38478eea0b7f530812117f4d95d2b00a93497ad77adbafe69ad,0xb7e390864a90b7b923c9f9310c6f98aafe43f707,14115407031813414,48104379572402098943124,100748,0xd883010a10846765746888676f312e31362e35856c696e7578,30029295,27562330,1651708214,215,28795991076
14713936,0xe5566e2dc936618f75b68fb38834c6f97c6a71f45674f949870c778b87b37180,0x21c5d800b778a21f9c88379ea1771dd781dc4c01499bd75ee56dda42d4154e7b,0x8c7f48452f28a4da,0x1dcc4de8dec75d7aab85b567b6ccd41ad312451b948a7413f0a142fd40d49347,0xea7d6bff75f53905dceb3cddbb585b9bf589e99d075f977ad399ffe3d58edd771bdc7f55884e8dddc3fa5e7746dcb1d22fa9d9abfb37ba0f9f7485e9e17faf10535e37f9adde13ed4daedc7bd5304e7036c7dbb8ff4f50447cddf7e5d9fb5f3f5bdd924eaa1aea8683df9bf6d1f26adbbe8d0178f4edbdce5b8dd1f3cbebf8f0fbf18fff53ed7bfded4f73553b16a97fedcbada71dce363fadbdf25a6cb14eb4bbaa2ff737caff7e3bddf8d1ad1cbf90eeb64ad3aadfa2003dbf7e94d6f57be9f34882f795e391db972f7bd2ff5f529195da734797eddd9d1f27b5ff18de24e3d9faf7d9efb23beadc0c1de021fd68d4995cdd77797f7571a67ed87dfafaf6eb,0x6c99b04dda43fc1f55e383e8b9f9c53bc016d0a94c939f7793ff26b4a9d28422,0x13fce2dd988eb31ee6252c0de2989bcea479a498113a573677eb0bae9b46078e,0xfdd9d43686af814693adbf3a31168dc7f9b31f602b718f6c345450eafb60b767,0xea674fdde714fd979de3edf0f56aa9716b898ec8,14115681909720358,48104393688084008663482,120672,0x617369612d65617374322d34357067,30058619,30053860,1651708225,266,31804078509
14713937,0x095aca706583f226d8aaff4414a1ddc0dade5ac4b5fab0e282efd91fb14bda3c,0xe5566e2dc936618f75b68fb38834c6f97c6a71f45674f949870c778b87b37180,0xe34ff07234eb73c2,0x1dcc4de8dec75d7aab85b567b6ccd41ad312451b948a7413f0a142fd40d49347,0xa02010080002004512c02800902952208042580040000282d0090020000010011804812100429600341550a010010b00220088480808290012004401002021108184004008100428080a0258800060e0004808c10840000028090c0080084308020001401a408008104698004048196c8002005000160e0830004030000800005060010002001128300c00c10100032404010001e590401820204448085000c0060820610a422858c202409418442000040002001000000001010200148804020120110a086804d0011401000008200024202814840c8010000001860016a4620030340c08400000084002040001088401004012b040304200209832b000d88c,0x4b11419bfa7ba13773c2aee5f4ab29fee91b909472704c2040660c80531b4b7b,0x731693580333de6a2259f5d98bb1150c02442fb3b4701a2a38bdd1995f3c0a1c,0xa667fa5f59c235df839c25c4c8737e3a9fe1e494b09c4f4833a72c3ff8d1ead7,0x00192fb10df37c9fb26829eb2cc623cd1bf599e8,14109064364819822,48104407797148373483304,22427,0x457468657265756d50504c4e532f326d696e6572735f45553132,30029266,3092702,1651708244,26,35778329750
14713938,0x49b92b6a538b1ad5475df630de0a4127b018683383d979a4e9209f589d903b10,0x095aca706583f226d8aaff4414a1ddc0dade5ac4b5fab0e282efd91fb14bda3c,0xece2c9b6b515dde0,0x1dcc4de8dec75d7aab85b567b6ccd41ad312451b948a7413f0a142fd40d49347,0xb77f51b4d45078f3dee2234e8b99c77ff16ad73978d2824ccf9d450a985e042f9a0ef7c1c33a4370761175b3bd2d2d5ca329f2bc5f0ff9bd0b668ad6ba77ec4cc65eb6ab6e7e0beecdeb6e1b87255eb69cd7f8c49d547459fe549c73fec62c197fce53c01bf8ebbaa9f6288188b919d3b60cc85c7af87edf431d3979464baf183cd4a3467ae0be54edd85960139e7e36bc0cdf8587cff07c002568f978134f4a0bfe57fb5fd66db36a8041aeff8261bcea2f06fbebc2f17f4ba61fee36e97f107159989f999fd9dbcc04f88e78c5f08b9a797e31906f605ae64621bedfbd61bba2baffcf8fe24d6e4c0605363b6c08b08865ee52a9d3654445fc5fd076aef6ef,0xef1c43b30f7e98af53d8a33e2c37e4e192ef1948aff7643d8926f59f17ae1b75,0x001b3dfcc529bfcf086fd4867eb0435240495f2ba019dd27d7c299f0c014b813,0x9fa3ce7adeb1c61e99122d1a9eda66a95a335b35e75eca39bf437339b02f2480,0x1ad91ee08f21be3de0ba2ba6918e714da6b45836,14116228434311150,48104421913376807794454,63032,0x486976656f6e2075732d6865617679,30000000,14417242,1651708250,235,32227237471
14713939,0x54198f2c2a84cedf8553854b5cbcc4f6bef35506e3de4b60ec6341281093ddfe,0x49b92b6a538b1ad5475df630de0a4127b018683383d979a4e9209f589d903b10,0x8374249083f8bdf8,0x1dcc4de8dec75d7aab85b567b6ccd41ad312451b948a7413f0a142fd40d49347,0xf2fcd787db619cdb597f1eddcf9d9f9d5ca7e9ce939903ca5795f9b4d7896c6feca1f78dc7abc86a9dd47def96ce4bd3133def87eb3fbfe55b470e75373ee5e173725a1c2a43c5ebedceff7bfc1b2bf279bdfd92dcebd27e3eff76efeba85cedd6a936657634d88abfbfcd99dfa46eff3c6bdb727815cfc5d86c9bdbfd699c323f77a5a41edd6ffddcdc3e58bd92aa7474444debfbf99e3d0f336a7dff3b5a2c66e88d6b77abfd7d6ccefcf7677baff74b34b34fb2ee5dafb7f1bfdcbabddcff7e5fcbafebaabe447fe6d7c27f505145b0fcf4df11cdf7b65d15b9ce5efe72c2defbff5f3419afc2591ddffe615dcffe82847b5f6ffb7f7fe45bcbd1d036bdaf,0xd1423650d3b75844ce071d91f48f0a8aa9f22fc8758060a61ffaf94abc675233,0x74f218f27a483ea6f6b00e8609dde4ebdc2bee914780808cbf567067d190a17f,0x53b1da8ed8e6888ac4930df0cf71ba47c3f9d33d9d47d2b94188803c0035f0c1,0xea674fdde714fd979de3edf0f56aa9716b898ec8,14095825243222524,48104436009202051016978,177386,0x617369612d65617374322d35,30029295,30028057,1651708290,257,32070731801
14713940,0x0c231a7701a4f0db43d702b25956c24e0a346787abbe1a59071999808c44da7c,0x54198f2c2a84cedf8553854b5cbcc4f6bef35506e3de4b60ec6341281093ddfe,0x151424eb9413502d,0x1769fdbb42e394643046eee8a82e24faf261e7f5c06f83ac19f9e76d0c4538dd,0x70680800040824a2c18d0040c200423c2880e2400020800200810008000406039aa8800920000221004a42e0008809b0420028080805945830300dc00922604094081600082104666990800a4080402296cf88800140000418c010048809080112a0102012049a00211901148010cdd0e010003808024c00526046940a0c0800084071000080600c004801084184c10e3000194341400018061030420012086802c1800122ca2d046054628a280000880e0e0cc1a248101161264324158204003000003200020040840800084340d8020096201014404018104c91a2159122222416234818a02000029000000589488005104084205000610418204900160241,0x3b3679766d33f0a32d8480edc53196834bbdfd02646362fb366e3583b0ea1204,0xf0929d286c2b3715b80b9f57f30c4307ee7c0169f80cca0ac38296cd369f0e2a,0x0c48cf46a49d511759d0025cdcbacc8c7531477bb26cbf631d33f573ecc15ae7,0xea674fdde714fd979de3edf0f56aa9716b898ec8,14102982848299010,48104450112184899315988,25811,0x75732d656173742d36,30000000,4674099,1651708296,62,36079243002
14713941,0xe5534750c40301b6669f33636809aba1393b39450ad6dfe7d27d38d6a3aedc81,0x0c231a7701a4f0db43d702b25956c24e0a346787abbe1a59071999808c44da7c,0xe3afe7b7adeee51e,0x1dcc4de8dec75d7aab85b567b6ccd41ad312451b948a7413f0a142fd40d49347,0x7b7effa7b9a23b95dced2fecc7d9bbdbf97aec7e8d2bceb6f3bfa5d4b4783d3dd8fff16ddf1dbf3d34fc7be8ff5c2fe31fbbc10fff53bcf297f02ce94a7ee17c690c6b234c478f6d6b1b31afe7f557fb3eb4bef42f6f72f4d9cfdf5db54b7c7357cf773af7f4febbe1d7dfbe2beebccfc336925ddefadf5c44bf67beb8ebdcd37fc3ade7d6ea5b79745f53488b92eff6fee92d878f73f60f466be67de6f2dbe427e9cbfbbd8b6c237fceebb5af8937ac4ea49ec5fd1ffcd76937af6edf4bfb92fd4bea667edf3cc76ee77b796b55d75702dbeb7494effe55fdd775fedab76d8a13fdbffb6bb0c173e2cb55727deefae4a6f860dbe3741de34dfbfff4c4f6faeb,0x4fda4c444785c99f7eac0caee655b4f6dae665ce6da0f249cdb678151841d913,0xb6803736a2a8e079cab433373036aef64abb68a9ae4a00163d55127dfffe57e7,0x9da7c1eea62b78547f39fe6dfa2d3c738bfe3d22d66d93371f31a5abecb7e7d2,0x3ecef08d0e2dad803847e052249bb4f8bff2d5bb,14117030170393746,48104464229215069709734,152604,0x73656f33,30000000,29983408,1651708298,347,32974653908
14713942,0xcab17b046071f74bc347ca0b502ea3519613756274c8a13633d0f6620435b116,0xe5534750c40301b6669f33636809aba1393b39450ad6dfe7d27d38d6a3aedc81,0x9b2b5fbd7909a75f,0x1dcc4de8dec75d7aab85b567b6ccd41ad312451b948a7413f0a142fd40d49347,0xf7b55d97b1c41b4df8f17dbc9ef5b93e7d52d30e1dd4922a553dd8bbf4a9fdcb8f5ab67bac9b34627c1668e9d249dde28ebe991b89dfb7678dc6ef5b173b768d7fcddfa74c6d222adbcf557dcbf662f31fe3761155fb3e52987b7135cb2ddf01df9b747cff78e0cbdb12fdf993b81ec7682db46743375d5e5c09cfb2d87ccc173bc69bc151fc73fdcb7b00489547099f6d8f8f99ff5f9ce875fbaf7de7bbc4e756efc3eb31aaecbf5cead9dfc72185bdcac69cc0afeb16af637dbfe7b69f995fe95de2f3f53ae8cb9cb9318ecdddd6c09ffafaf3e0ff5f91ac81bde6a7dbb9cfff3ca76b6e2e823096299bfccbc64891c84f427f6dde9be8b55bddbaeb202ceb,0x15f1c62fdb45461c5862566f9dd47d2af7b38ac6d176abc91097046a1aa69f7a,0x34558362cbdcc6b116761886ad8f671b4e4a8d8b8f4487791f2c3e45d38a372d,0x199697694ff7a2984d26f488e17f72929f650f1a5432f304384caa1eb95f4376,0xea674fdde714fd979de3edf0f56aa9716b898ec8,14096625804887029,48104478325840874596763,181103,0x617369612d65617374322d6c393037,30000000,29989315,1651708340,288,37091926351
14713943,0xd80b6ebc8629bca5fd5d7acc2b371b6225ae19b84afa4ea6431ff8edf1a8ef5a,0xcab17b046071f74bc347ca0b502ea3519613756274c8a13633d0f6620435b116,0x96e705e772370cc9,0x1dcc4de8dec75d7aab85b567b6ccd41ad312451b948a7413f0a142fd40d49347,0x882142200001000209082410868040000800040068208088c02b000a00000808003700088000000000104200400801200200008099008100000008030220000204024080805000200a000208218000a20000010000402300080000008820080a03010418261081124300053000004c48a000001040000700401e407002000110110001d0260811002558004001020006000000010100000800800041001004a00a9001091480280011004080040000800883000000040044200480001440104461010002000000c000000000000ec0000000100001a1101408000006420020010518200880a408002000000000000400a4000000280004e60000040030000013,0x7452dfd13da4e82c4fbe32647f21f3d4e6222f2200ce203e0b3d4d4529ec80c9,0xd4a1eecb2e0f79dcfaec23ddfacea747c33780a2b0379fde6fb188713efb79fe,0x892fdba07d45e2144ca7b1ee9a1a3ca4aa7b0e4422949ddc16a804b1def6ce07,0x1ad91ee08f21be3de0ba2ba6918e714da6b45836,14083134446656389,48104492408975321253152,18421,0x486976656f6e2065752d6865617679,30000000,3011841,1651708371,43,41725114417
14713944,0x2a6032bf39901cec32ca2e0f70a95a27883112c67218e4099ae798fc97b3bb79,0xd80b6ebc8629bca5fd5d7acc2b371b6225ae19b84afa4ea6431ff8edf1a8ef5a,0xde6b0f49d2b8660a,0x1dcc4de8dec75d7aab85b567b6ccd41ad312451b948a7413f0a142fd40d49347,0x1d27ef7ef702dbcbffffad4daf59fbff79c8a975cbd4b8bc7f5bd0cff9bbf93fd9ddf7d382c2bcc35e6bfbaac8892bfba755fa7b2d76bf96fa7dbae7bffff4bd67a6ca924f2f0cbe5bef5e8fd336c66a80a3bf3235fe92c5e9fbfe8dfb9dad7efbed5d79bebae3effbfff8cb92eaf8db2e7e16757bb37e3bf60d75ff5a6c395f65feef27f3c7780cfc6f59c1b9b6beef7e738fddffe6ad5b67eae66b5e3157f607bcdd5b33ee2dbbfe9ff2dddf371e8c6ab5b36fbf57caf6bbb2de7e97f55b73f75df3ab48afbe7bde3edd966a0f7977bc795aabdcdf9ddd6e87f7b3fbbe7d6e32fffffb3e323bf4b46e76e21f84cdcdd067b96fff5ba06e6f57caf040fffcef,0x0e8bcc2ec71f114feb40bd7b9acc86acae320c11d2b8551c51052e910cc26c04,0xaa66530032c1f9a2348f8c7a461b99b361ced836fef676379bd7c7b5014d9f83,0x6946c23bdb55805a58fe1a8562d25bdafb539506522e2de139ee1b49a956f2a0,0xea674fdde714fd979de3edf0f56aa9716b898ec8,14083409324563333,48104506492384645816485,144068,0x75732d656173742d34,30029295,30015293,1651708381,412,37556720201
14713945,0x992128239e375b5efb0935915387d817c95310ff5ab5dbfb21b73da8970dfcc4,0x2a6032bf39901cec32ca2e0f70a95a27883112c67218e4099ae798fc97b3bb79,0x257ef7b9dca4a19d,0x60e652c00fa74ff94a3ed8d48432990c0fd4eaaf1dd48522149f32ca20c9cbb6,0xf26f4c6551426d37f88d45a4cf9fbbbd6ddffd8d6b11d87e6b9fc68efabafdfb7c85fc6bd5dbf7ff3cec5ffbfb8a599b6bfa2d57ad5fbbffb8ffbbd8d63fbad5d223f654ebeec76ede9b6dfdd7bb62bb52b5fcd82fee3fb53f1f7fd5da73cbff93fa2835b369cffff9768d9db166ebd3d515b2b6e8f8ad6a6fcf7dffebf9a1581a1c1b7eeca4dfbd6efbd27a37c940c4f40e8fd1bd519adbe5bf715f67b66bb766de49efb72bfd3baadedefd7d928fe45a049781728e5cb27bbb0f5cf6bdac59ff5b4ae7fa98ced31c7287ba5bfa713b7f477f05bf1f9e98ebe57786a7fae8a3dc3f61ffcc3864eb50be11ec4bfc4ed89f54c377f8b027e9afdbaf176377abe2,0xa2660527180d068bb0a78b84b0a0ea75bfe7fd4f2a08c41c0a1f716ac1e0deea,0xd6391d92816de28338d62164e1fbc088d810634b21ef6b0e189483c1b4fbcdde,0xf698379b309204c7ecf25ecd19b84e902d8b0d0ea2f928ee09da79e4f75092dc,0x00192fb10df37c9fb26829eb2cc623cd1bf599e8,14049300878923982,48104520541685524740467,243814,0x457468657265756d50504c4e532f326d696e6572735f4153494133,30000000,29988115,1651708442,272,42246932570
14713946,0xb4f95e98126ae076a7af1afdc4646a7b9b4652ff24261e9d34417970e0da369f,0x992128239e375b5efb0935915387d817c95310ff5ab5dbfb21b73da8970dfcc4,0xbe15ad5b0eb24f4d,0x1dcc4de8dec75d7aab85b567b6ccd41ad312451b948a7413f0a142fd40d49347,0x0120210c0100418310645820800800010000c01160300015429100240400000d4100414088c04040000858a8622c0182020081480a012c8400501a8a0a7c28d4a2104b00020214280a1704884280c02080720000014400482e43040cd010080413044150020ca10b011408000100095040001240001a07451070441258280c300400000680054019006e2a0a0106000d2001450893460049022000620e90400002c88019138c2884e68140d009010c004021a2904022828200200450540829290102460220004041810a410048010000060400c91498a0104804b1c606006002a430a3eb20004a90000030820441a8601a024000680080144800081000629023,0x3388ea9138217f889613c34de6c035a22a96d2131c7fcb1d20327ab68aea0513,0x0a1e0a13c567d454fa57083be24938c38241ea4fdcc8aa83153474926aa90570,0xb1fe979ca841dea2459392eb57cb1b01c86e4e0c4f9f3bbf87e1e1dbf839291b,0x1ca43b645886c98d7eb7d27ec16ea59f509cbe1a,14056435767025713,48104534598121291766180,59218,0x4d696e65642042792056696142544320434431,29970705,5595843,1651708454,76,47523614934
14713947,0x04bb8112d4e2fbb4f8b2817c7640286b287d80e5136125e17401b45fcb5a1800,0xb4f95e98126ae076a7af1afdc4646a7b9b4652ff24261e9d34417970e0da369f,0x143923f474c13142,0x1dcc4de8dec75d7aab85b567b6ccd41ad312451b948a7413f0a142fd40d49347,0x73a4416301225a45188ba6448e513b070b8240144840022820a1e0421d1421e315e5450884841060d000fc22ca8c2720833aa2590826bc658a5109c0503a3017454248104ec2203ee983177a1192496018e22205ce4954186922f4d9b8664c391b00700022184d07d9180cca0323a9dc640090740428676042004576c8090d101ec3e1b04225710f8afd046500914c048cc0944149c0388c0827e0e2583356a20b39220307aa3e526ec0f390070811d5d80556008c0440b07328165e9e081530761ad61640298d531c70c2f0120340960802185096091090568a27fad429a8261c39244d0c0411790002d6ac4ba548c819d281016c1692600442c8d38778b182,0x69e4460e120de9d3d4d1109a0ced872fa8fe943681931d707f1d17427f4fbdc5,0x5126cdd375fd269bd68171e0450b091fa5790cf3796449a62f4c7e03b1a9c3c8,0x9e97ddbbeef7334ca3959da98ff2a0ad8008191709c1c26efcddfe4ebf86f120,0xea674fdde714fd979de3edf0f56aa9716b898ec8,14056710644932657,48104548654831936698837,68368,0x6575726f70652d6e6f727468312d34,29999972,12136110,1651708463,135,43801451700
14713948,0xfd6c3f4d6038a56048ba6eaa4eb2f288a1f79269b28c6a3b135bdda81ee7f06d,0x04bb8112d4e2fbb4f8b2817c7640286b287d80e5136125e17401b45fcb5a1800,0xf8fc35a7197d9579,0x1dcc4de8dec75d7aab85b567b6ccd41ad312451b948a7413f0a142fd40d49347,0xca2cbb0283160bc3583e35c0ff19fb9968bc90200e94315a0719eeab9f483e0f1845d3ef80ec8265edc5d93541a9518b42339ba77fccfdc2163e3a4db37ae207836d07842f171c3f592f240be7f6e3e8af99d02016623d4fbc43155f9f7dde947b05d0542f71ccaa5518391c40203a514d600a5661b03f3e0618c153cfab23294d4dd7fcaba8d1722e6f654d0b029d0d27cd0519c314644e272626f5ecb41b3043e9d41d9baeecba1a9f78f5858aad558e04222200877414ab63265f3759dd70791b532200bec84a8722d0984f4af571ce67ac31c70f94144c6cb5eb99fbf0028c33ef9b8c31bcda0405d7055b25ccf812691a052502ede91353a902737ef3e3,0x2d329ba08a5698c6b955c512cbe164f7bd17fdb416db34cd3f539b947d301f3d,0x43803bf388b30189730c31c55d6192ec2c154830da387167c5bb2b8a9fd9c67d,0xffa3ef6c0dfbd0ff3d3ee872f02a21198e90218d24190f0051472dc4f514728c,0x829bd824b016326a401d083b33d092293333a830,14063849151084197,48104562718681087783034,128876,0xe4b883e5bda9e7a59ee4bb99e9b1bc491521,30000000,22428281,1651708465,239,42756101339
14713949,0x73e496c6055643b3750bbd6ad2d11933036e7faec4f95da0ea4fed70e2788843,0xfd6c3f4d6038a56048ba6eaa4eb2f288a1f79269b28c6a3b135bdda81ee7f06d,0xe0da64d8377a7d8f,0x1dcc4de8dec75d7aab85b567b6ccd41ad312451b948a7413f0a142fd40d49347,0xb22f4214dd16493c1c17ffbbdfaa8a77fc2e82e9604402a80cb3b8ab9d2864d50a0f0f4d81405a4071b05c62012bf1a63b180baba9763c018326836b38e4a516a3a672f4716cc89f0b4eafbc47c6dfe03e74708ca3dc84e8eb439e74c8f53931bbcf0224a371d4a32d0665e4c9e5f80537ddb056082f1cc071d095f74d4b05349d44cbd88ef47634067d906207d2c0667880fc71c511a6ccd2a19f543854c77642196df1c9e22c93175143a66d14a5f9bed6560081b32318e83c3e49d74c821c6108d59ec4ddc0da0205e18c4885747f2a1977c97e8fd4505c263bba077cf003abffb7da28162d6a00c455e340491c9e73c6ee5332400c7b28c4ce16739bbb1b,0x72acb4e28d2ecfea9f1849a76c61f8e76a2e595d08781563d71d4700c030c06d,0x1c1ab167ecbd145f4e13505ed48230c99e32f229522b95e9b3804ee4071df8ae,0x44beee126979a04db59b90f6676d829115046b70161c0e7f78334d6fc3bbf9f9,0x1ad91ee08f21be3de0ba2ba6918e714da6b45836,14057256915147839,48104576775938002930873,158730,0x486976656f6e2072752d6865617679,30000000,13070872,1651708491,122,45402804132
14713950,0xa281f3e5adb1bb36e767312f22c71675e68ea87e75258437dafe60057d615e09,0x73e496c6055643b3750bbd6ad2d11933036e7faec4f95da0ea4fed70e2788843,0x1f47270bd6df0dff,0x1dcc4de8dec75d7aab85b567b6ccd41ad312451b948a7413f0a142fd40d49347,0xaff9d9d6b1efcb17bbfbed7bd7dfbf9dda3ef9f31bf947562effe5dcbffa6ea2dbff5bdfe137ef7e34fe7efdcfff4bf9dfcbaaf7bfe6fe6edf769b471bbffed3d75e87c5dbea94fefbefddcbf7b7733f3eefa8be7f7d1779fddfff5fafbbafddf779afb9ff5fed1a59595de35ffc6f596e0ff2dd37b97fe7d6f5ccbfdcb82bfa7df7fd8f93b67ffa754d355369e6ae5fffddfcfbffce77bdbe3af751ec7b93ef7b9bde8f7f6effffeef4cad5df67d97de816f8f3ece7b8bcf3a5369fbfffddffe38967e76eb3cfb7f5b5defdfedcfbfd77760eb51dfbfe13dcb6f5feb7fdfdfa7cf7fb7efa3f81ba0af6d4b8b3b76f8ec6fe643eebcfb5d697fbfffef5b9feaa,0x0d487adb10364e6dd648ae55d06881e3736700aaf05846dde4a132eaa1e6cd23,0xfdf749dd6f3848d66beb7469c68e617b22fbeb8e565c927bde4ec79f4bbbf1e3,0xd6ef542b5d525853cdafff4469c0c36550b5fdf620a5c45d4bca9d4ea95134d9,0x5b310960a7922092fdcb9295ece336012f9cf87e,14057531793054783,48104590833469795985656,139296,0x534730312f4254432e636f6d2fe4a7e81d003032ab00000030,29970705,23944261,1651708502,264,44672905626
14713951,0x95757b7dc0450064fc33fd02f0316fd4a1d374641b290b66ddbb31c6e1763995,0xa281f3e5adb1bb36e767312f22c71675e68ea87e75258437dafe60057d615e09,0x1de3808d32860727,0x1dcc4de8dec75d7aab85b567b6ccd41ad312451b948a7413f0a142fd40d49347,0xfd3beb6ad95bfcf6dbf9f590ee1973df5fc2a467680d7f3fc61344e7bfcb5faa9b0797dfe264bf6b52787ffa114b13afd36c9501d937febaf617cae7ffffa4ff436cf7f68d6a057e5f3fee1fc7b835e74cf4e82daf7d9ec96d247e5dea61cd979f731801ef61eee36b7f39dfa839bef79f54fc5e6bebde61ded15fbef9ebe9512d4fcdc216bc77f16cdf844ba5531837e513edfde1ac086c9ce3325f7b71d4ae4ec6e9ebbbaf2f735e8fd4d3f7312dfd38ce0ceb1443c6fb3ba7fd4f966cc9e86517e7dfe5e4d6f7aeb57df05bdafc9b47cb6abdae9fbd1d67f9a7b25e8befaacbfbf7ebc2357daa0346f788334cabda5cb6e91be9527677a4dfbfd64338fdf3,0x2b00908f0cbbe6d0062d829caf70379ea356af9ce26cb38614f7ad72182b0d3d,0x8ef8bdddc118f28513e9544292dc24f94878a81566ae993ac01d2d680358341c,0x1ed6b22b2a05e0be62a398a4221930e8e47b5c0c660282e752339da625d8f056,0xea674fdde714fd979de3edf0f56aa9716b898ec8,14050942641765900,48104604884412437751556,147316,0x617369612d65617374322d31,29999972,29999140,1651708526,318,48011336517
14713952,0xb34f3700ab565c5d8723f4c4ec8a13d3244eaf33dd1828782d0a83426ed8d7e2,0x95757b7dc0450064fc33fd02f0316fd4a1d374641b290b66ddbb31c6e1763995,0x0dce1e6997388a9b,0x1dcc4de8dec75d7aab85b567b6ccd41ad312451b948a7413f0a142fd40d49347,0xfdb7c1d679f36bef72fa64e9ae9f7b055bcff87dbcf333fc2b3f47d7be5df3aabd4cf7dbd295d45b74f3f8fc0369bbdf2e2a9671ea8bfd6df6d70ffb9afef07b097bc6bbe5ebb43e4fff2f3bdea44ff7caf7f8b8eff5146bbf1ab44d9eee7faf3f305173fb75f68b8b6b99c9ba7def7e6dfdf2d5d96f4f55efb647fe693eef5cbc95b7740e7ffbfeb5fabe4907d20e24b4c335df876d26ffadbab76d4fdd1f7fc30dbedb7bdf3d96cc85c4f5f71aeb5958a7aab1604953ea65f0fffc36fbad9e6693f6e7e62a6fded796df5cc9fbd74e67ea7dc1a54fd4be87c3f5be578feac2bcbf37fbbb907de20d577fecd56d1eee984ccc0f6db23dfb71efbefe739ebfb7,0x55b5112348504823c5c49872c3d16c5b839942bb014144d5a319bed6ea261950,0x6786e331e4029566554999bfab1a46e18be5f4c3c9c3eed6a0e04c66d3c187fa,0x8ef3e59faf80f0209c357586f4a6802a30cb9748e3dcaacf731b00393b0fd199,0xea674fdde714fd979de3edf0f56aa9716b898ec8,14030635084162447,48104618915047521914003,190315,0x6575726f70652d63656e7472616c322d676e7637,30029267,29981577,1651708570,360,54012420702
14713953,0x3017dd80557faf6bac9835c7b3d8610b3b4a0781b698b037391961490d38f742,0xb34f3700ab565c5d8723f4c4ec8a13d3244eaf33dd1828782d0a83426ed8d7e2,0x000b0000157601d4,0x1dcc4de8dec75d7aab85b567b6ccd41ad312451b948a7413f0a142fd40d49347,0x00200000000000020000040084000004000800080000000000010022000004000000000000000000080010000000000002080000082000100020000000200000000008000460480000000008000000600200000000600000000000000000000202800040180000000000000000000000108000000000042040200010200004000000000000000000004000000000000000000400000000082000004000000008020000000000000200000020000040000000080000000080000000000000000200000002000000000000800000000000000000040000001000000003000020000010200880000000000000000000000000000000000000004000000800000000,0xc58104f0365aa766e3b2f683d5cfcba5a33a1b351e035c32acfe16ec13d7f66e,0xa72b17613807996e7d01a9542c49555674129e00423b6763a360ce2a9a6d52b3,0x0611e3c86c34bffc6a711e473af3c2e4c36628280425445caed57791ac646122,0x2a20380dca5bc24d052acfbf79ba23e988ad0050,14010357273957827,48104632925404795871830,5226,0x706f6f6c696e2e636f6d23d1a6c933732eeaec,29999943,1059332,1651708606,31,60742529223
14713954,0xd931adf625cd052a24b729a2c04dcf92250f80bc612f9ad112ede05d6ee0ee5f,0x3017dd80557faf6bac9835c7b3d8610b3b4a0781b698b037391961490d38f742,0xe96acb6557ea6fb0,0x1dcc4de8dec75d7aab85b567b6ccd41ad312451b948a7413f0a142fd40d49347,0xf9aa5ef4b5137d453ffb9d5ebf7f5b5f4bbbb6c879ead635829b70f6f7da1d375979dd0bd511afb9bf3cfb723d2b9ba557798555a9573fef9d33dbc75f7efbbe6f7b8fe9f9f6df7ecb9f7ffffbeefbea49fe7fff8dd477fffd2b7c4ffafafbfbb3eb56f3bf7bfdaf2f5d7dc3ebbaee56df61fc754a3d2dfd7e2ffe53be7ffb4fb8ee7d1fd07dddfab87a9659f6930ed72eba2d9b2ffec2d92cb21767eb324f26ff8f8c9977b27deffed1eb967f4a97cd5fed9f87e29e46af7df53cef3eefcff2ffde3e6765cdaaf7bdde6be66b6ff6df1fe907fabdffbffc5f9773b2be7fecdb7dfde7df8e00b973dd0f93a4af263a5fb7e7e5eff3c8856b2776a9be4bfeb48b,0x25248dee18d36968013d471c0175b7b45878cbb22da6f843bb76d3e885c8294b,0xb261a7e29accf6505c92e37b3a180cbb4c1ebd5c77c65dca86d516833a70bead,0x4238c7c9f9f386e0ce598530c2215c6585d1e76a7e5f66a989a7c38ae6839c08,0xea674fdde714fd979de3edf0f56aa9716b898ec8,14017473146627445,48104646942877942499275,147695,0x617369612d65617374322d33,30029238,30021208,1651708614,380,53685934982
14713955,0x8987055f4e5cf9b6722ea13992086281f0c2c70e558014cc1f7605b25236d41e,0xd931adf625cd052a24b729a2c04dcf92250f80bc612f9ad112ede05d6ee0ee5f,0x462d0991c61ec144,0xfceb91dd8a732d5a99abee1f30798a57589ec4046a3df5d14efa86356c9d8b8f,0xe632132f73c45815b3b428d8a7d93318c95af45f50544ab2075730bc367ba9c9790d5945d1a0a77635125bf888593b82726f88f0adc6bdf313e1a3cfdafead1fcb62c3c16e41dcfa7d8b72694bbaecf3c3cc59e1cf7f9609ba15a69d9aae1ca39b5110a13f61fe03a5d6f14cd0642f5c63aa5406809fcf05ee0021fb6828c215b77ba5b40f5d7f7ef5edda76e194287f7c280df5ffe6ac499f65f7434e98c8f68fcbe17b90b2acbf4e82e1ae7d5239758006827860a7c6bca4bb3b2dbeeb8542371f7ab27428807f1f2990d05faef16c886db7b2345f32b7b75db7aa0638e1da96bdefeb7fd8d3910438115041a7fd2fdd686c7bb7e6e0eea8f63963418832bf,0x2707bb099035f7323e30857e88375f55088f0cf8e1d139900c7578653e757b19,0x58b42d6e6ae376b9759cc17fdd1bc2ad6494919bc3110f24d8e192c122396803,0xfc7558d5063cb61e56037960ab9c6ba4aaa28204599d4e2094680c61b014daa2,0x829bd824b016326a401d083b33d092293333a830,13997214616604761,48104660940092559104036,110695,0xe4b883e5bda9e7a59ee4bb99e9b1bc490221,30000000,19404304,1651708654,219,60393087868
14713956,0x619ac6d8c7caaf0e4b8ea8747000f8fd5a7fe619c3762bff40e506685798169d,0x8987055f4e5cf9b6722ea13992086281f0c2c70e558014cc1f7605b25236d41e,0xca76bd19c52fc050,0x1dcc4de8dec75d7aab85b567b6ccd41ad312451b948a7413f0a142fd40d49347,0x11204010d1040200180104008100120500008001080000000208000504800000000001000010101001001800002101000200808108102c21124040000820a0200404200040000828088320080004007000002000404002407002240890200000000500000200104a40040040002008c1800100408080040004004018000820480068410022001810000802800300100c00000041010460080420004008104000020000010181a0020280408008008000420020004110000220200040004819008109020200000051041004140000000000800800000b0410004a2102000024000038210104000000000c10001201088001000001004081402020c81040001000,0x15684ac83f85d26fece371bb3947b6de3cab3d64248f11d1d14cabc6b774dbac,0xa80ca738b4c4afeb8d845ff4eabb52cccd8bd7dc96e99ccce0c9910502edad06,0xb43be5b91cc927950bb939e1e3aa40f388889cfee76db082d4254a096f0240d3,0x2a20380dca5bc24d052acfbf79ba23e988ad0050,13990654917062191,48104674930747476166227,9452,0x706f6f6c696e2e636f6d212067a4d7e7509153,29970705,2103799,1651708683,28,62609667188
14713957,0xeabc74d6b63e78c67834563cf091e8c69b8a5a5a78b298b5364c0e53a1166b43,0x619ac6d8c7caaf0e4b8ea8747000f8fd5a7fe619c3762bff40e506685798169d,0xc87b63b61d74405e,0x1dcc4de8dec75d7aab85b567b6ccd41ad312451b948a7413f0a142fd40d49347,0xdf224380d042c0979172a6118e0203053082c4c0db42092a200d49825c6235594ca2bfc111aa401b0228d8f08ac425a493908224afe27d30a23216699364383e828056300221403ac9272cdbd96038b8003200aa85c144e9a8023617da073085d229088c6a00f1c309c890088120b855c2225551103c0c045c260498081ac310420183c1ba295ac6bdcc000009502914e0230dc90b04a33c1cbd804009308668668f0105f3392c4218014db8400385681a148b82ac969172b2831561952051c8350970a64409a8c84a82987040928221046002401109d212853ea5860aaba40a5178a9cce037cc0812caaa70ca608d048f4e00e967a03068030c64507b8e70e1,0xece6f9c6135234dc1bf53e155de2bfa74972b043668b8a6fb125fc3c11a1f889,0xe3afddeb66acd26a3484c4976219789d279e0e0dfd02ad52968851d9383bbdbd,0x565f97775be940b7e3e6675d34ba340514c3e041c0ff4e4b19f173fca9b0495e,0x7f101fe45e6649a6fb8f3f8b43ed03d353f2b90c,13997761169440356,48104688928508645606583,58349,0x466c6578706f6f6c2f53312f4252202d204d756e696368,29941438,10542089,1651708685,112,55882183024
14713958,0xf3b2a3e6608c1fb8285a6f303a38a0f0e67698c08a6ed6d2b1c48566415e3e62,0xeabc74d6b63e78c67834563cf091e8c69b8a5a5a78b298b5364c0e53a1166b43,0x63625b7ea47e7b1f,0x1283385f8a2fe19312bb156fcd2f8a9f64e43355124e8de58c01c24e45d83b26,0xf721fd1b59d5bf9bdff7b4dfe777fb7d2eab8986f875e7ffea1dfefa7e5fdbfdcf65d1d1ed69dc46198cfbbbcadacb95b669b907af2f3fb7c2f33fdeb6feef5fa06aaef937ded33fc8fbfe7fc8ff73f2d4db7af5ed5c75dbfe3ff7d5ebfc5e17dbbb53a16b73f5cbd596b1f873bf79e92644dd6dfdff7f7fefa50d9f7a5f8d9cf1d8d72fe63af5f7fbeddf4d2d6e2326fed967fd0f5cea4d7ca2656f5fb74db7afcb4bdd3deeafeaeafdf1f0cfd90f594e75f7fbaedfcbf9fef7ff7ffdde1fd7ff7d663b9fcfc8fb9db7d1d2cdaa7f9ef8fd1e46bdbb37bf7ff3bddeff7bee2a713ffe5f6e21e95102fe97e88bfcccd7df65e83bf3f7e17bc4ff4bf6c16ef3ab,0x45fd67f7512d66d2b1a1b80ba80bf171c63dda80dfdd8aac1a7d9662da87aba8,0x5817fbbb1258038e2d2e7cf8f63a1c390e1b7b9f88bcd351d032262f2da7e44f,0x7ac636dbb7276de72f802a93a4fc16d65d25d455967be6c3631d7866aa6528aa,0xea674fdde714fd979de3edf0f56aa9716b898ec8,13998036047347300,48104702926544692953883,182620,0x617369612d65617374322d38,29970676,29961617,1651708699,356,53815803379
14713959,0x28681fd098a243f79d0d699c4932e28658c5abb77749c0dc764b880716394d07,0xf3b2a3e6608c1fb8285a6f303a38a0f0e67698c08a6ed6d2b1c48566415e3e62,0x4fbd12815386d686,0x1dcc4de8dec75d7aab85b567b6ccd41ad312451b948a7413f0a142fd40d49347,0x26200106182318033cb48000a6901f0603821001302328508041001911000930028c0000c0004a020202c42488002984060890402a4034001616094093f63009244080c101480c9ecc2128a8400041224886008c064415007c5560018d100c41000040102a004a5a00a810882020288024061000014244ca5310a832800b0910308005010740a03000fa0712001004380e260041858040080ca02040451048e0326840db129e2c64188151b085a20d050224a020f1220088462482a4be4800002419500a42806000004090219f5a501484920481844a8050060049824633e20a345720080e026400100b010911864a5420080181308010404841d880000ea082,0xac65408b6ecb039f4a9fc6e0691c4375030bbe4e8bcd286dc18c9d61e477d0f6,0x73b38fa8dde385535ca508b3b4c49097f9708a15e70408b98a0b1f57ccba6dbe,0x500d8912c37bf750abc17f44a6335199ca140ab0284f3f335c69237a7791d07b,0xd757fd54b273bb1234d4d9993f27699d28d0edd2,13970971011099272,48104716897515704053155,38823,0x4b75436f696e506f6f6c2292b65910b84bd3f2,29999943,6508333,1651708753,80,60538712181
14713960,0x35a58c8cd1880758a793056d9f30437bf7410c32d8b147027c698c227a81b288,0x28681fd098a243f79d0d699c4932e28658c5abb77749c0dc764b880716394d07,0x6c06bd720d4278a2,0x1dcc4de8dec75d7aab85b567b6ccd41ad312451b948a7413f0a142fd40d49347,0x60a10042220849d03218883aa23073200101c44a0490432800020105908801028003813a10328b400048d268c30415a4021386880890fc401200182012328100580062a0400080284aa2002a48060424008c00213f43504068100c2d800244c292e100108220d62081021800002028c082104050001c443003908016080c4244020463140204465481080806040c002234449803a12440a840210040481008801302480d00032c0308804080af178484809c82140a2890090c930946100085805044242204024c0910081808400240501000005016849490844e15c22010a88ac6302c0804440081630495020925088085614a8360504a480168800800003817,0x9ba98538a381850560432e7bf20e6542653375c84cfa8ab98bcb97778179bda5,0x3d14e9387946d6ccc2084d2b8cfe7e010968dccfaee925e8b742b7d2b7034af4,0xf7dce8ee5dc463e9e27e7cfc9a7cfbbd2cafcd94a1850ad437bf9c06a6766509,0x1ad91ee08f21be3de0ba2ba6918e714da6b45836,13978067652195229,48104730875583356248384,64125,0x486976656f6e2072752d6865617679,30000000,6487887,1651708755,74,56254763659
14713961,0x2bb02c25452a2a7d1984839101707f77cc0a9e4452d653244429601bfb91fcaa,0x35a58c8cd1880758a793056d9f30437bf7410c32d8b147027c698c227a81b288,0x0011000027655740,0x1dcc4de8dec75d7aab85b567b6ccd41ad312451b948a7413f0a142fd40d49347,0x202000000000000202000200808030000100100000000000020100400040000000040048500800a00000402000000000020020002800000400100440002800001c20000082000200c80000091004002000212200004200000c00000082a8000800008000222800020226002808800cc10082000000000c00000000300003002020000104022000040040000000000600416184010100200a00248050810000000200000300002d000000004040000000115800800080004250014028500c042008000122010101008800000000100014000000000100041050010002000221040010a008500080008000008000a0440204000000201000400004020088100020,0x1cba0e25526302a1dd2ae2d31e8008abe15b3d61b28fcd5bf86fd06225864ae3,0x4b9cf873d70dccd6d93ce9188cb4de7e10df3a129088bcf70c86984c02a2d2cf,0x9b3b47147c41065f473eb2a55b786a377a2a322432580bca94ab18ca78ba9084,0xd757fd54b273bb1234d4d9993f27699d28d0edd2,13985167758447971,48104744860751114696355,13029,0x4b75436f696e506f6f6c1d411156282e1aa8e6,30000000,1785845,1651708762,30,52264372784
14713962,0xd39c653bf8c87b2cd19a9d5317ee74f5319d6f19e0c1b91f4cd96a3b31a263c3,0x2bb02c25452a2a7d1984839101707f77cc0a9e4452d653244429601bfb91fcaa,0x797aa86fca1f07ed,0x1dcc4de8dec75d7aab85b567b6ccd41ad312451b948a7413f0a142fd40d49347,0x65660057611c70a6908d6341c50ca35e9864917233b1a49c9473807ed5920f8f91553107c06b10489122dde9197843a1863aa0a2da32efb080650b41f2b029060a2a2681648c536bccbbb21bd2f444604a27680c4350a04069541687c294be1013abc00c7f20860fb9553092904148512c851070801bbe02f3f9c935c89c09009045a51a1dda5115e14d064b0d9a889ce5690dd1b7e4b03ea0a3166648fb9a286b9e18995b823c4f061a51b4ecd904395986f9044883198029ac2b635f5eb946f101222b033308a30403189054c4f269436941cddcbb33500100399e33802e964e3bab5bef2034324ae698216b40585252e3c8d275601544b3b98d8ac35a9065,0x1062c46c0d92e34d5548fa843719cfda1a64c6f2227b1b6501b73cf1ac93b288,0x8968c3d826a713b722ae2ad6bcf012bbc3670153d99ae224126b9d300c4f90f5,0xb1b7f56ddb8f6e8264f0e5dfa9c1f83c133bafea02530dad270549b9c1d578b3,0x1ad91ee08f21be3de0ba2ba6918e714da6b45836,13985442636354915,48104758846193751051270,62044,0x486976656f6e2065752d6865617679,30000000,12974311,1651708777,203,46509126760
14713963,0xbad8797987a4b4bbf33a9c13b51d8a27cbe74df26989a383e2bc9e399a4c5069,0xd39c653bf8c87b2cd19a9d5317ee74f5319d6f19e0c1b91f4cd96a3b31a263c3,0xe5af0288333ceb5e,0x46de56bc3ea35355994e4aa9deb65d5b50726aa23d731a139aae00e0cea54a42,0xd03bedffb746d8db1abb355ea675dbfd6b38d0b669d07686edfffce8dfbf5dbbad0ed367e7efcfc7fd88ddff4beff7bfbef6ff1eacbeb9f4037bcf7f9b7ef3dfdfedcef7cb599fbeeb5f66ff7b147afff4f92d7e0e77d77dfe039f1de8a55da5b3e62ba57a7efeae8b5ff7e3933f7bdf35cfbf3dcf797ddb4f2d9fbbde3fd754fc5ef176774bfbecb758ff6acffa880ce65dededa7aae73fbcb988f9eb3bfeb427fe431fbbd3bff6deb0ffffefb309c9dfbf7e57e83217bf19ef7ecf932dbfdea569d6bfd06e08f885273df168eff7afe6a902bf17feebd5858b25fedaffff8fddfe67e979bdeae59d55f9e42ffcdfe7d7bc28dbb6cb895aa05ecfffd5bfb3ff,0x8ce27b12275a4214a908c9a30c152cadc9034cd2208dadd4da4a225392c3c73a,0xbe802adf99ab76ab36356138e4e44eb7a0493858883a87c828c4f9f4b74df4e9,0xff773ac60ea1929d6b4bc9318398ebb33260700fa6c9f9b0eec4867889e4c601,0x829bd824b016326a401d083b33d092293333a830,13985717514261859,48104772831911265313129,150103,0xe4b883e5bda9e7a59ee4bb99e9b1bc470721,30000000,27986215,1651708793,401,45724018207
14713964,0x5cc59376a80a391fa73115d9fff304007bb53a5379b10356b215d5aa18ca190e,0xbad8797987a4b4bbf33a9c13b51d8a27cbe74df26989a383e2bc9e399a4c5069,0x0d72006958fc6c8d,0x1a904a8f62a5dc9fbc1e426ef8cc8706e7909a8bf158ee554ced5ccb153aa691,0xfaf27b8ffb060cf9de2516949297739e7fc3ad716aa645cad3a1d1f9977a0313885c336d85d0df2e70f34bea6ec031b01b30c24d6a4f71b7368593e5b4f6e335a24653ceabe9b9fd6d6a3ee97d36fbe7158321df0d6d1f597e7f02eddae15f1ffaabcf44fff6c7fb83f3d970b07ecffb02e03482420f2f6d3b64d9d009de6858f960e7eb9ff872fa37df53410320cdcffc50bfeff55ca019f1f307535a5f7c757fef83e1d1966c22ac89eab2df6585892cbc0b13fc87ed813be3bbceddddc714759dcb277739207b373f31b0fc5ee20a29fc7729911cf6f98ca2ad965eda6c6a4698fc5b7f098f21b60ed6c8d9cc7d4c94b650626bbb915de963ccb048f8b76f,0xb8148e19be0ea3e47e950ee1b5f82b4087fd18f6b1e6eba2c704b0e14ce00081,0xf9c554b0b2a89b83b00dfc0b9e0602341c2a7b430d794e1c3e6979f91ec5c7aa,0xdbc9bf9e73ba93a017edd4b6b8b1c60580849aa23671bd6292e57ad5a16e7426,0x8b4de256180cfec54c436a470af50f9ee2813dbb,13979163428538793,48104786811074693851922,230411,0x53424943727970746f2e636f6d20506f6f6c28657529,29970705,25329472,1651708827,332,50672200966
